Model,Encoded_Value,,,,,
ILX,0,,,,,
ILX HYBRID,1,,,,,
MDX 4WD,2,,,,,
RDX AWD,3,,,,,
RLX,4,,,,,
TL,5,,,,,
TL AWD,6,,,,,
TSX,7,,,,,
4C,8,,,,,
DB9,9,,,,,
RAPIDE,10,,,,,
V8 VANTAGE,11,,,,,
V8 VANTAGE S,12,,,,,
VANQUISH,13,,,,,
A4,14,,,,,
A4 QUATTRO,15,,,,,
A5 CABRIOLET QUATTRO,16,,,,,
A5 QUATTRO,17,,,,,
A6 QUATTRO,18,,,,,
A6 QUATTRO TDI (modified),19,,,,,
A7 QUATTRO,20,,,,,
A7 QUATTRO TDI (modified),21,,,,,
A8,22,,,,,
A8 TDI (modified),23,,,,,
A8L,24,,,,,
A8L TDI (modified),25,,,,,
ALLROAD QUATTRO,26,,,,,
Q5,27,,,,,
Q5 TDI (modified),28,,,,,
Q5 HYBRID,29,,,,,
Q7,30,,,,,
Q7 TDI (modified),31,,,,,
R8,32,,,,,
R8 SPYDER,33,,,,,
RS 5,34,,,,,
RS 5 CABRIOLET,35,,,,,
RS 7,36,,,,,
S4,37,,,,,
S5,38,,,,,
S5 CABRIOLET,39,,,,,
S6,40,,,,,
S7,41,,,,,
S8,42,,,,,
SQ5,43,,,,,
TT COUPE QUATTRO,44,,,,,
TT ROADSTER QUATTRO,45,,,,,
TTS COUPE QUATTRO,46,,,,,
TTS ROADSTER QUATTRO,47,,,,,
CONTINENTAL GT,48,,,,,
CONTINENTAL GTC,49,,,,,
CONTINENTAL GT SPEED CONVERTIBLE,50,,,,,
FLYING SPUR,51,,,,,
MULSANNE,52,,,,,
320i,53,,,,,
320i xDRIVE,54,,,,,
328d xDRIVE,55,,,,,
328d xDRIVE TOURING,56,,,,,
328i,57,,,,,
328i xDRIVE,58,,,,,
328i xDRIVE GRAN TURISMO,59,,,,,
328i xDRIVE TOURING,60,,,,,
335i,61,,,,,
335i xDRIVE,62,,,,,
335i xDRIVE GRAN TURISMO,63,,,,,
428i COUPE,64,,,,,
428i xDRIVE COUPE,65,,,,,
435i COUPE,66,,,,,
435i xDRIVE COUPE,67,,,,,
528i,68,,,,,
528i xDRIVE,69,,,,,
535d xDRIVE,70,,,,,
535i xDRIVE,71,,,,,
535i xDRIVE GRAN TURISMO,72,,,,,
550i xDRIVE,73,,,,,
550i xDRIVE GRAN TURISMO,74,,,,,
640i xDRIVE GRAN COUPE,75,,,,,
650i xDRIVE CABRIOLET,76,,,,,
650i xDRIVE COUPE,77,,,,,
650i xDRIVE GRAN COUPE,78,,,,,
740Li xDRIVE,79,,,,,
750i xDRIVE,80,,,,,
750Li xDRIVE,81,,,,,
760Li,82,,,,,
ACTIVEHYBRID 3,83,,,,,
ACTIVEHYBRID 5,84,,,,,
ACTIVEHYBRID 7L,85,,,,,
ALPINA B7 xDRIVE LWB,86,,,,,
ALPINA B7 xDRIVE SWB,87,,,,,
M5,88,,,,,
M6,89,,,,,
M6 CABRIOLET,90,,,,,
M6 GRAN COUPE,91,,,,,
X1 xDRIVE28i,92,,,,,
X1 xDRIVE35i,93,,,,,
X3 xDRIVE28i,94,,,,,
X3 xDRIVE35i,95,,,,,
X5 xDRIVE35i,96,,,,,
X5 xDRIVE50i,97,,,,,
X6 M,98,,,,,
X6 xDRIVE35i,99,,,,,
X6 xDRIVE50i,100,,,,,
Z4 sDRIVE28i,101,,,,,
Z4 sDRIVE35i,102,,,,,
Z4 sDRIVE35is,103,,,,,
ENCLAVE,104,,,,,
ENCLAVE AWD,105,,,,,
ENCORE,106,,,,,
ENCORE AWD,107,,,,,
LACROSSE,108,,,,,
LACROSSE AWD,109,,,,,
LACROSSE eASSIST,110,,,,,
REGAL,111,,,,,
REGAL AWD,112,,,,,
REGAL eASSIST,113,,,,,
VERANO,114,,,,,
ATS,115,,,,,
ATS AWD,116,,,,,
CTS COUPE,117,,,,,
CTS COUPE AWD,118,,,,,
CTS SEDAN,119,,,,,
CTS SEDAN AWD,120,,,,,
CTS SEDAN Vsport,121,,,,,
CTS SPORT WAGON,122,,,,,
CTS SPORT WAGON AWD,123,,,,,
CTS-V COUPE,124,,,,,
CTS-V SEDAN,125,,,,,
CTS-V SPORT WAGON,126,,,,,
ESCALADE AWD,127,,,,,
ESCALADE ESV AWD,128,,,,,
SRX,129,,,,,
SRX AWD,130,,,,,
XTS,131,,,,,
XTS AWD,132,,,,,
XTS Vsport AWD,133,,,,,
CAMARO,134,,,,,
CAMARO 2LS,135,,,,,
CAMARO SS,136,,,,,
CAMARO ZL1,137,,,,,
CORVETTE,138,,,,,
CRUZE,139,,,,,
CRUZE DIESEL,140,,,,,
CRUZE ECO,141,,,,,
EQUINOX,142,,,,,
EQUINOX AWD,143,,,,,
EXPRESS 1500 CARGO,144,,,,,
EXPRESS 1500 CARGO AWD,145,,,,,
EXPRESS 1500 CARGO CONV,146,,,,,
EXPRESS 1500 CARGO CONV AWD,147,,,,,
EXPRESS 1500 PASSENGER,148,,,,,
EXPRESS 1500 PASSENGER AWD,149,,,,,
EXPRESS 2500 PASSENGER,150,,,,,
EXPRESS 3500 PASSENGER,151,,,,,
IMPALA,152,,,,,
IMPALA ECO,153,,,,,
MALIBU,154,,,,,
ORLANDO,155,,,,,
SILVERADO,156,,,,,
SILVERADO 4WD,157,,,,,
SONIC,158,,,,,
SONIC RS,159,,,,,
SONIC 5,160,,,,,
SONIC 5 RS,161,,,,,
SPARK,162,,,,,
SUBURBAN,163,,,,,
SUBURBAN 4WD,164,,,,,
TAHOE,165,,,,,
TAHOE 4WD,166,,,,,
TRAVERSE,167,,,,,
TRAVERSE AWD,168,,,,,
TRAX,169,,,,,
TRAX AWD,170,,,,,
300,171,,,,,
200 CONVERTIBLE,172,,,,,
200 CONVERTIBLE FFV,173,,,,,
200 SEDAN,174,,,,,
200 SEDAN FFV,175,,,,,
300 (MDS),176,,,,,
300 AWD,177,,,,,
300 AWD (MDS),178,,,,,
300 AWD FFV,179,,,,,
300 FFV,180,,,,,
300 SRT (MDS),181,,,,,
TOWN & COUNTRY FFV,182,,,,,
AVENGER,183,,,,,
AVENGER FFV,184,,,,,
CHALLENGER,185,,,,,
CHALLENGER (MDS),186,,,,,
CHALLENGER SRT,187,,,,,
CHALLENGER SRT (MDS),188,,,,,
CHARGER,189,,,,,
CHARGER (MDS),190,,,,,
CHARGER AWD,191,,,,,
CHARGER AWD (MDS),192,,,,,
CHARGER AWD FFV,193,,,,,
CHARGER FFV,194,,,,,
CHARGER SRT (MDS),195,,,,,
DART,196,,,,,
DART FFV,197,,,,,
DART GT,198,,,,,
DART TURBO AERO,199,,,,,
DURANGO AWD (MDS),200,,,,,
DURANGO AWD FFV,201,,,,,
GRAND CARAVAN FFV,202,,,,,
JOURNEY,203,,,,,
JOURNEY AWD,204,,,,,
JOURNEY FFV,205,,,,,
500 ABARTH CABRIO,206,,,,,
500 ABARTH HATCHBACK,207,,,,,
500 CABRIO,208,,,,,
500 CABRIO TURBO,209,,,,,
500 HATCHBACK,210,,,,,
500 HATCHBACK TURBO,211,,,,,
500L TURBO,212,,,,,
C-MAX HYBRID,213,,,,,
E150 VAN FFV,214,,,,,
E150 WAGON FFV,215,,,,,
E350 WAGON,216,,,,,
E350 WAGON FFV,217,,,,,
EDGE,218,,,,,
EDGE AWD,219,,,,,
ESCAPE,220,,,,,
ESCAPE AWD,221,,,,,
EXPEDITION 4X4 FFV,222,,,,,
EXPLORER,223,,,,,
EXPLORER AWD,224,,,,,
EXPLORER FFV,225,,,,,
EXPLORER FFV AWD,226,,,,,
F-150,227,,,,,
F-150 4X4,228,,,,,
F-150 FFV,229,,,,,
F-150 FFV 4X4,230,,,,,
F-150 RAPTOR 4X4,231,,,,,
FIESTA,232,,,,,
FIESTA SFE,233,,,,,
FIESTA ST,234,,,,,
FLEX,235,,,,,
FLEX AWD,236,,,,,
FLEX AWD (EcoBoost),237,,,,,
FOCUS,238,,,,,
FOCUS FFV,239,,,,,
FOCUS SFE FFV,240,,,,,
FUSION,241,,,,,
FUSION (Start/Stop),242,,,,,
FUSION AWD,243,,,,,
FUSION HYBRID,244,,,,,
MUSTANG,245,,,,,
MUSTANG CONVERTIBLE,246,,,,,
TAURUS,247,,,,,
TAURUS AWD,248,,,,,
TAURUS FFV,249,,,,,
TAURUS FFV AWD,250,,,,,
TRANSIT CONNECT,251,,,,,
TRANSIT CONNECT TAXI,252,,,,,
TRANSIT CONNECT WAGON,253,,,,,
ACADIA,254,,,,,
ACADIA AWD,255,,,,,
SAVANA 1500 CARGO,256,,,,,
SAVANA 1500 CARGO AWD,257,,,,,
SAVANA 1500 CARGO CONV,258,,,,,
SAVANA 1500 CARGO CONV AWD,259,,,,,
SAVANA 1500 PASSENGER,260,,,,,
SAVANA 1500 PASSENGER AWD,261,,,,,
SAVANA 2500 PASSENGER,262,,,,,
SAVANA 3500 PASSENGER,263,,,,,
SIERRA,264,,,,,
SIERRA 4WD,265,,,,,
TERRAIN,266,,,,,
TERRAIN AWD,267,,,,,
YUKON,268,,,,,
YUKON 4WD,269,,,,,
YUKON DENALI AWD,270,,,,,
YUKON DENALI XL AWD,271,,,,,
YUKON XL,272,,,,,
YUKON XL 4WD,273,,,,,
ACCORD,274,,,,,
ACCORD HYBRID,275,,,,,
CIVIC,276,,,,,
CROSSTOUR AWD,277,,,,,
CR-V,278,,,,,
CR-V AWD,279,,,,,
CR-Z,280,,,,,
FIT,281,,,,,
ODYSSEY,282,,,,,
PILOT,283,,,,,
PILOT AWD,284,,,,,
RIDGELINE AWD,285,,,,,
ACCENT,286,,,,,
ELANTRA GT,287,,,,,
EQUUS,288,,,,,
GENESIS,289,,,,,
SANTA FE,290,,,,,
SANTA FE 4WD,291,,,,,
SANTA FE SPORT,292,,,,,
SANTA FE SPORT 4WD,293,,,,,
SONATA,294,,,,,
SONATA HYBRID,295,,,,,
SONATA HYBRID LIMITED,296,,,,,
TUCSON,297,,,,,
TUCSON 4WD,298,,,,,
VELOSTER,299,,,,,
VELOSTER TURBO,300,,,,,
Q50,301,,,,,
Q50 AWD,302,,,,,
Q50 HYBRID,303,,,,,
Q50 HYBRID AWD,304,,,,,
Q60 AWD COUPE,305,,,,,
Q60 CONVERTIBLE,306,,,,,
Q60 COUPE,307,,,,,
Q70,308,,,,,
Q70 AWD,309,,,,,
Q70 HYBRID,310,,,,,
QX50 AWD,311,,,,,
QX60,312,,,,,
QX60 AWD,313,,,,,
QX60 HYBRID AWD,314,,,,,
QX70 AWD,315,,,,,
QX80 4WD,316,,,,,
F-TYPE CONVERTIBLE,317,,,,,
F-TYPE S CONVERTIBLE,318,,,,,
F-TYPE V8 S CONVERTIBLE,319,,,,,
XF,320,,,,,
XF 3.0L AWD,321,,,,,
XFR,322,,,,,
XFR-S,323,,,,,
XJ AWD,324,,,,,
XJ SUPERCHARGED,325,,,,,
XJL AWD PORTFOLIO,326,,,,,
XJL SUPERCHARGED,327,,,,,
XJR,328,,,,,
XJR LWB,329,,,,,
XK CONVERTIBLE,330,,,,,
XK COUPE,331,,,,,
XKR CONVERTIBLE,332,,,,,
XKR COUPE,333,,,,,
XKR-S CONVERTIBLE,334,,,,,
XKR-S COUPE,335,,,,,
CHEROKEE,336,,,,,
CHEROKEE 4X4,337,,,,,
CHEROKEE 4X4 ACTIVE DRIVE II,338,,,,,
CHEROKEE TRAILHAWK 4X4,339,,,,,
COMPASS,340,,,,,
COMPASS 4X4,341,,,,,
COMPASS 4X4 TRAIL RATED,342,,,,,
GRAND CHEROKEE 4X4 (MDS),343,,,,,
GRAND CHEROKEE 4X4 DIESEL,344,,,,,
GRAND CHEROKEE 4X4 FFV,345,,,,,
GRAND CHEROKEE SRT 4X4 (MDS),346,,,,,
PATRIOT,347,,,,,
PATRIOT 4X4,348,,,,,
PATRIOT 4X4 TRAIL RATED,349,,,,,
WRANGLER 4X4 (2-DOOR),350,,,,,
WRANGLER UNLIMITED 4X4 (4-DOOR),351,,,,,
CADENZA,352,,,,,
FORTE,353,,,,,
FORTE 5,354,,,,,
FORTE KOUP,355,,,,,
OPTIMA,356,,,,,
OPTIMA HYBRID,357,,,,,
OPTIMA HYBRID EX,358,,,,,
RIO,359,,,,,
RIO ECO,360,,,,,
RONDO,361,,,,,
SEDONA,362,,,,,
SORENTO,363,,,,,
SORENTO 4WD,364,,,,,
SOUL,365,,,,,
SOUL ECO Dynamics,366,,,,,
SPORTAGE,367,,,,,
SPORTAGE AWD,368,,,,,
AVENTADOR COUPE,369,,,,,
GALLARDO COUPE,370,,,,,
LR2,371,,,,,
LR4,372,,,,,
RANGE ROVER EVOQUE,373,,,,,
RANGE ROVER EVOQUE COUPE,374,,,,,
RANGE ROVER LWB V8 5.0 SC,375,,,,,
RANGE ROVER LWB V8 5.0 SC FFV,376,,,,,
RANGE ROVER SPORT V6 3.0 SC,377,,,,,
RANGE ROVER SPORT V6 3.0 SC FFV,378,,,,,
RANGE ROVER SPORT V8 5.0 SC,379,,,,,
RANGE ROVER SPORT V8 5.0 SC FFV,380,,,,,
RANGE ROVER V6 3.0 SC,381,,,,,
RANGE ROVER V6 3.0 SC FFV,382,,,,,
RANGE ROVER V8 5.0 SC,383,,,,,
RANGE ROVER V8 5.0 SC FFV,384,,,,,
CT 200h,385,,,,,
ES 300h,386,,,,,
ES 350,387,,,,,
GS 350,388,,,,,
GS 350 AWD,389,,,,,
GS 450h,390,,,,,
GX 460,391,,,,,
IS 250,392,,,,,
IS 250 AWD,393,,,,,
IS 250 C,394,,,,,
IS 350,395,,,,,
IS 350 AWD,396,,,,,
IS 350 C,397,,,,,
IS F,398,,,,,
LS 460,399,,,,,
LS 460 AWD,400,,,,,
LS 460 L AWD,401,,,,,
LS 600h L,402,,,,,
LX 570,403,,,,,
RX 350 AWD,404,,,,,
RX 450h AWD,405,,,,,
MKS AWD,406,,,,,
MKT AWD,407,,,,,
MKT LIVERY,408,,,,,
MKT LIVERY AWD,409,,,,,
MKX AWD,410,,,,,
MKZ,411,,,,,
MKZ AWD,412,,,,,
MKZ HYBRID,413,,,,,
NAVIGATOR 4X4 FFV,414,,,,,
GHIBLI,415,,,,,
GHIBLI AWD,416,,,,,
GRANTURISMO,417,,,,,
GRANTURISMO CONVERTIBLE,418,,,,,
QUATTROPORTE GTS,419,,,,,
QUATTROPORTE SQ4,420,,,,,
CX-5,421,,,,,
CX-5 4WD,422,,,,,
CX-9,423,,,,,
CX-9 4WD,424,,,,,
MAZDA2,425,,,,,
MAZDA3 4-DOOR,426,,,,,
MAZDA3 4-DOOR (i-ELOOP),427,,,,,
MAZDA3 4-DOOR (SIL),428,,,,,
MAZDA3 5-DOOR,429,,,,,
MAZDA3 5-DOOR (i-ELOOP),430,,,,,
MAZDA3 5-DOOR (SIL),431,,,,,
MAZDA5,432,,,,,
MAZDA6,433,,,,,
MAZDA6 (i-ELOOP),434,,,,,
MX-5,435,,,,,
B 250,436,,,,,
C 250,437,,,,,
C 250 COUPE,438,,,,,
C 300 4MATIC FFV,439,,,,,
C 350,440,,,,,
C 350 4MATIC,441,,,,,
C 350 4MATIC COUPE,442,,,,,
C 350 COUPE,443,,,,,
C 63 AMG,444,,,,,
C 63 AMG COUPE,445,,,,,
CL 550 4MATIC,446,,,,,
CL 63 AMG,447,,,,,
CLA 250,448,,,,,
CLA 45 AMG 4MATIC,449,,,,,
CLS 550 4MATIC,450,,,,,
CLS 63 AMG 4MATIC,451,,,,,
CLS 63 AMG S 4MATIC,452,,,,,
E 250 BLUETEC 4MATIC,453,,,,,
E 300 4MATIC,454,,,,,
E 350 4MATIC,455,,,,,
E 350 4MATIC COUPE,456,,,,,
E 350 4MATIC WAGON,457,,,,,
E 350 CABRIOLET,458,,,,,
E 350 COUPE,459,,,,,
E 400 HYBRID,460,,,,,
E 550 4MATIC,461,,,,,
E 550 CABRIOLET,462,,,,,
E 550 COUPE,463,,,,,
E 63 AMG 4MATIC,464,,,,,
E 63 AMG 4MATIC WAGON,465,,,,,
E 63 AMG S 4MATIC,466,,,,,
E 63 AMG S 4MATIC WAGON,467,,,,,
G 550,468,,,,,
G 63 AMG,469,,,,,
GL 350 BLUETEC 4MATIC,470,,,,,
GL 450 4MATIC,471,,,,,
GL 550 4MATIC,472,,,,,
GL 63 AMG,473,,,,,
GLK 250 BLUETEC 4MATIC,474,,,,,
GLK 350 4MATIC,475,,,,,
ML 350 4MATIC FFV,476,,,,,
ML 350 BLUETEC 4MATIC,477,,,,,
ML 550 4MATIC,478,,,,,
ML 63 AMG 4MATIC,479,,,,,
S 550 4MATIC LWB,480,,,,,
S 550 4MATIC SWB,481,,,,,
S 63 AMG 4MATIC,482,,,,,
SL 550,483,,,,,
SL 63 AMG,484,,,,,
SL 65 AMG,485,,,,,
SLK 250,486,,,,,
SLK 350,487,,,,,
SLK 55 AMG,488,,,,,
SLS AMG BLACK SERIES COUPE,489,,,,,
SLS AMG GT COUPE,490,,,,,
SLS AMG ROADSTER,491,,,,,
COOPER CLUBMAN,492,,,,,
COOPER CONVERTIBLE,493,,,,,
COOPER COUNTRYMAN,494,,,,,
COOPER COUPE,495,,,,,
COOPER PACEMAN,496,,,,,
COOPER ROADSTER,497,,,,,
COOPER S CLUBMAN,498,,,,,
COOPER S CONVERTIBLE,499,,,,,
COOPER S COUNTRYMAN ALL4,500,,,,,
COOPER S COUPE,501,,,,,
COOPER S PACEMAN ALL4,502,,,,,
COOPER S ROADSTER,503,,,,,
JOHN COOPER WORKS CLUBMAN,504,,,,,
JOHN COOPER WORKS CONVERTIBLE,505,,,,,
JOHN COOPER WORKS COUNTRYMAN ALL4,506,,,,,
JOHN COOPER WORKS COUPE,507,,,,,
JOHN COOPER WORKS PACEMAN ALL4,508,,,,,
JOHN COOPER WORKS ROADSTER,509,,,,,
LANCER,510,,,,,
LANCER AWD,511,,,,,
LANCER EVOLUTION,512,,,,,
LANCER RALLIART,513,,,,,
LANCER SPORTBACK,514,,,,,
MIRAGE,515,,,,,
OUTLANDER,516,,,,,
OUTLANDER 4WD,517,,,,,
RVR,518,,,,,
RVR 4WD,519,,,,,
370Z,520,,,,,
370Z ROADSTER,521,,,,,
ALTIMA,522,,,,,
ARMADA 4WD,523,,,,,
FRONTIER,524,,,,,
FRONTIER 4WD,525,,,,,
GT-R,526,,,,,
JUKE,527,,,,,
JUKE AWD,528,,,,,
MAXIMA,529,,,,,
MURANO AWD,530,,,,,
NV200 CARGO VAN,531,,,,,
PATHFINDER,532,,,,,
PATHFINDER 4WD,533,,,,,
PATHFINDER HYBRID 4WD,534,,,,,
QUEST,535,,,,,
ROGUE,536,,,,,
ROGUE AWD,537,,,,,
SENTRA,538,,,,,
TITAN,539,,,,,
TITAN 4WD,540,,,,,
VERSA,541,,,,,
XTERRA 4WD,542,,,,,
911 CARRERA,543,,,,,
911 CARRERA 4,544,,,,,
911 CARRERA 4 CABRIOLET,545,,,,,
911 CARRERA 4S,546,,,,,
911 CARRERA 4S CABRIOLET,547,,,,,
911 CARRERA CABRIOLET,548,,,,,
911 CARRERA S,549,,,,,
911 CARRERA S CABRIOLET,550,,,,,
911 GT3,551,,,,,
911 TURBO,552,,,,,
911 TURBO CABRIOLET,553,,,,,
911 TURBO S,554,,,,,
911 TURBO S CABRIOLET,555,,,,,
BOXSTER,556,,,,,
BOXSTER S,557,,,,,
CAYENNE,558,,,,,
CAYENNE DIESEL (modified),559,,,,,
CAYENNE GTS,560,,,,,
CAYENNE S,561,,,,,
CAYENNE S HYBRID,562,,,,,
CAYENNE TURBO,563,,,,,
CAYENNE TURBO S,564,,,,,
CAYMAN,565,,,,,
CAYMAN S,566,,,,,
PANAMERA,567,,,,,
PANAMERA 4,568,,,,,
PANAMERA 4S,569,,,,,
PANAMERA 4S EXECUTIVE,570,,,,,
PANAMERA GTS,571,,,,,
PANAMERA S,572,,,,,
PANAMERA TURBO,573,,,,,
PANAMERA TURBO EXECUTIVE,574,,,,,
1500 (MDS),575,,,,,
1500 4X4 (MDS),576,,,,,
1500 4X4 DIESEL,577,,,,,
1500 4X4 FFV,578,,,,,
1500 DIESEL,579,,,,,
1500 FFV,580,,,,,
1500 HFE,581,,,,,
CARGO VAN FFV,582,,,,,
GHOST,583,,,,,
GHOST EWB,584,,,,,
PHANTOM,585,,,,,
PHANTOM COUPE,586,,,,,
PHANTOM DROPHEAD COUPE,587,,,,,
PHANTOM EWB,588,,,,,
WRAITH,589,,,,,
FR-S,590,,,,,
iQ,591,,,,,
tC,592,,,,,
xB,593,,,,,
xD,594,,,,,
FORTWO CABRIOLET,595,,,,,
FORTWO COUPE,596,,,,,
VIPER COUPE,597,,,,,
VIPER GTS COUPE,598,,,,,
BRZ,599,,,,,
FORESTER AWD,600,,,,,
IMPREZA AWD,601,,,,,
IMPREZA WAGON AWD,602,,,,,
LEGACY AWD,603,,,,,
OUTBACK AWD,604,,,,,
TRIBECA AWD,605,,,,,
XV CROSSTREK AWD,606,,,,,
XV CROSSTREK HYBRID AWD,607,,,,,
4RUNNER (Part-Time 4WD),608,,,,,
4RUNNER 4WD,609,,,,,
AVALON,610,,,,,
CAMRY,611,,,,,
CAMRY HYBRID LE,612,,,,,
CAMRY HYBRID XLE/SE,613,,,,,
COROLLA,614,,,,,
COROLLA LE ECO (1-mode),615,,,,,
COROLLA LE ECO (2-mode),616,,,,,
COROLLA MATRIX,617,,,,,
FJ CRUISER 4WD,618,,,,,
HIGHLANDER,619,,,,,
HIGHLANDER AWD,620,,,,,
HIGHLANDER HYBRID AWD,621,,,,,
HIGHLANDER HYBRID AWD LE,622,,,,,
PRIUS,623,,,,,
PRIUS c,624,,,,,
PRIUS v,625,,,,,
RAV4,626,,,,,
RAV4 AWD,627,,,,,
RAV4 LIMITED AWD,628,,,,,
SEQUOIA 4WD,629,,,,,
SIENNA,630,,,,,
SIENNA AWD,631,,,,,
TACOMA,632,,,,,
TACOMA 4WD,633,,,,,
TUNDRA,634,,,,,
TUNDRA 4WD,635,,,,,
VENZA,636,,,,,
VENZA 4WD,637,,,,,
YARIS,638,,,,,
BEETLE,639,,,,,
BEETLE TDI (modified),640,,,,,
BEETLE CONVERTIBLE,641,,,,,
CC,642,,,,,
CC 4MOTION,643,,,,,
EOS,644,,,,,
GOLF WAGON,645,,,,,
GOLF WAGON TDI (modified),646,,,,,
JETTA,647,,,,,
JETTA TDI (modified),648,,,,,
JETTA GLI,649,,,,,
JETTA TURBO HYBRID,650,,,,,
PASSAT,651,,,,,
PASSAT TDI (modified),652,,,,,
ROUTAN,653,,,,,
TIGUAN,654,,,,,
TIGUAN 4MOTION,655,,,,,
TOUAREG,656,,,,,
TOUAREG TDI (modified),657,,,,,
S60,658,,,,,
S60 AWD,659,,,,,
S80,660,,,,,
S80 AWD,661,,,,,
XC60,662,,,,,
XC60 AWD,663,,,,,
XC70 AWD,664,,,,,
XC90 AWD,665,,,,,
MDX SH-AWD,666,,,,,
RLX HYBRID,667,,,,,
TLX,668,,,,,
TLX SH-AWD,669,,,,,
RAPIDE S,670,,,,,
V12 VANTAGE S,671,,,,,
VANTAGE GT,672,,,,,
A3,673,,,,,
A3 TDI (modified),674,,,,,
A3 QUATTRO,675,,,,,
A3 CABRIOLET QUATTRO,676,,,,,
A4 ALLROAD QUATTRO,677,,,,,
Q3,678,,,,,
Q3 QUATTRO,679,,,,,
S3,680,,,,,
CONTINENTAL GT CONVERTIBLE,681,,,,,
CONTINENTAL GT3-R,682,,,,,
228i CABRIOLET,683,,,,,
228i COUPE,684,,,,,
228i xDRIVE CABRIOLET,685,,,,,
228i xDRIVE COUPE,686,,,,,
320i SEDAN,687,,,,,
320i xDRIVE SEDAN,688,,,,,
328d xDRIVE SEDAN,689,,,,,
328i SEDAN,690,,,,,
328i xDRIVE SEDAN,691,,,,,
335i SEDAN,692,,,,,
335i xDRIVE SEDAN,693,,,,,
428i CABRIOLET,694,,,,,
428i GRAN COUPE,695,,,,,
428i xDRIVE CABRIOLET,696,,,,,
428i xDRIVE GRAN COUPE,697,,,,,
435i CABRIOLET,698,,,,,
435i GRAN COUPE,699,,,,,
435i xDRIVE CABRIOLET,700,,,,,
435i xDRIVE GRAN COUPE,701,,,,,
528i SEDAN,702,,,,,
528i xDRIVE SEDAN,703,,,,,
535d xDRIVE SEDAN,704,,,,,
535i xDRIVE SEDAN,705,,,,,
550i xDRIVE SEDAN,706,,,,,
640i xDRIVE CABRIOLET,707,,,,,
740Ld xDRIVE SEDAN,708,,,,,
740Li xDRIVE SEDAN,709,,,,,
750i xDRIVE SEDAN,710,,,,,
750Li xDRIVE SEDAN,711,,,,,
760Li SEDAN,712,,,,,
ALPINA B6 xDRIVE GRAN COUPE,713,,,,,
M235i CABRIOLET,714,,,,,
M235i COUPE,715,,,,,
M235i xDRIVE COUPE,716,,,,,
M3 SEDAN,717,,,,,
M4 CABRIOLET,718,,,,,
M4 COUPE,719,,,,,
M5 SEDAN,720,,,,,
M6 COUPE,721,,,,,
X3 xDRIVE28d,722,,,,,
X4 xDRIVE28i,723,,,,,
X4 xDRIVE35i,724,,,,,
X5 M,725,,,,,
X5 xDRIVE35d,726,,,,,
CTS,727,,,,,
CTS AWD,728,,,,,
CTS Vsport,729,,,,,
ESCALADE 4WD,730,,,,,
ESCALADE ESV 4WD,731,,,,,
CAMARO Z/28,732,,,,,
CITY EXPRESS,733,,,,,
COLORADO,734,,,,,
COLORADO 4WD,735,,,,,
CORVETTE Z06,736,,,,,
EQUINOX FFV,737,,,,,
EQUINOX AWD FFV,738,,,,,
EXPRESS 2500 PASSENGER FFV,739,,,,,
EXPRESS 3500 PASSENGER FFV,740,,,,,
200,741,,,,,
200 FFV,742,,,,,
200 AWD,743,,,,,
200 AWD FFV,744,,,,,
CHALLENGER SRT HELLCAT,745,,,,,
CHARGER SRT 392 HEMI,746,,,,,
CHARGER SRT HELLCAT,747,,,,,
VIPER SRT COUPE,748,,,,,
500L,749,,,,,
EDGE (Start/Stop),750,,,,,
EDGE SPORT AWD,751,,,,,
EXPEDITION 4X4,752,,,,,
EXPEDITION MAX 4X4,753,,,,,
EXPLORER AWD (EcoBoost),754,,,,,
T-150 WAGON,755,,,,,
T-150 WAGON FFV,756,,,,,
TRANSIT CONNECT VAN,757,,,,,
TRANSIT CONNECT WAGON TAXI,758,,,,,
CANYON,759,,,,,
CANYON 4WD,760,,,,,
SAVANA 2500 PASSENGER FFV,761,,,,,
SAVANA 3500 PASSENGER FFV,762,,,,,
TERRAIN FFV,763,,,,,
YUKON DENALI 4WD,764,,,,,
YUKON XL DENALI 4WD,765,,,,,
CIVIC Si,766,,,,,
CIVIC HYBRID,767,,,,,
PILOT 4WD,768,,,,,
ELANTRA,769,,,,,
ELANTRA COUPE,770,,,,,
GENESIS AWD,771,,,,,
GENESIS COUPE,772,,,,,
SANTA FE AWD,773,,,,,
SANTA FE SPORT AWD,774,,,,,
SANTA FE ULTIMATE AWD,775,,,,,
SONATA SPORT/LIMITED,776,,,,,
TUCSON AWD,777,,,,,
Q60,778,,,,,
Q60 AWD,779,,,,,
F-TYPE COUPE,780,,,,,
F-TYPE S COUPE,781,,,,,
F-TYPE V8 R COUPE,782,,,,,
XF AWD,783,,,,,
CHEROKEE FFV,784,,,,,
CHEROKEE 4X4 FFV,785,,,,,
RENEGADE,786,,,,,
RENEGADE FFV,787,,,,,
RENEGADE 4X4,788,,,,,
WRANGLER 4X4,789,,,,,
WRANGLER UNLIMITED 4X4,790,,,,,
K900,791,,,,,
SEDONA SX,792,,,,,
SEDONA SXL,793,,,,,
SORENTO AWD,794,,,,,
AVENTADOR ROADSTER,795,,,,,
HURACAN,796,,,,,
VENENO ROADSTER,797,,,,,
RANGE ROVER,798,,,,,
RANGE ROVER SUPERCHARGED,799,,,,,
RANGE ROVER SUPERCHARGED LWB,800,,,,,
RANGE ROVER SPORT,801,,,,,
RANGE ROVER SPORT SUPERCHARGED,802,,,,,
NX 200t AWD,803,,,,,
NX 200t AWD F SPORT,804,,,,,
NX 300h AWD,805,,,,,
RC 350,806,,,,,
RC 350 AWD,807,,,,,
RC F,808,,,,,
MKC AWD,809,,,,,
NAVIGATOR 4X4,810,,,,,
NAVIGATOR L 4X4,811,,,,,
B 250 4MATIC,812,,,,,
C 300 4MATIC,813,,,,,
C 400 4MATIC,814,,,,,
CLA 250 4MATIC,815,,,,,
CLA 45 AMG,816,,,,,
CLS 400 4MATIC,817,,,,,
E 400 4MATIC,818,,,,,
E 400 4MATIC WAGON,819,,,,,
E 400 CABRIOLET,820,,,,,
E 400 COUPE,821,,,,,
GLA 250 4MATIC,822,,,,,
GLA 45 AMG 4MATIC,823,,,,,
ML 400 4MATIC,824,,,,,
S 400 4MATIC,825,,,,,
S 550 4MATIC COUPE,826,,,,,
S 600,827,,,,,
S 63 AMG COUPE,828,,,,,
S 65 AMG,829,,,,,
S 65 AMG COUPE,830,,,,,
SLS AMG GT ROADSTER,831,,,,,
COOPER 3 DOOR,832,,,,,
COOPER 5 DOOR,833,,,,,
COOPER S 3 DOOR,834,,,,,
COOPER S 5 DOOR,835,,,,,
JOHN COOPER WORKS,836,,,,,
370Z COUPE,837,,,,,
JUKE NISMO RS,838,,,,,
JUKE NISMO RS AWD,839,,,,,
MICRA,840,,,,,
MURANO,841,,,,,
PATHFINDER 4WD PLATINUM,842,,,,,
911 CARRERA 4 GTS,843,,,,,
911 CARRERA 4 GTS CABRIOLET,844,,,,,
911 CARRERA GTS,845,,,,,
911 CARRERA GTS CABRIOLET,846,,,,,
911 TARGA 4,847,,,,,
911 TARGA 4S,848,,,,,
BOXSTER GTS,849,,,,,
CAYMAN GTS,850,,,,,
MACAN S,851,,,,,
MACAN TURBO,852,,,,,
PANAMERA TURBO S,853,,,,,
PANAMERA TURBO S EXECUTIVE,854,,,,,
1500,855,,,,,
1500 ECODIESEL,856,,,,,
1500 ECODIESEL HFE,857,,,,,
1500 4X4,858,,,,,
1500 4X4 ECODIESEL,859,,,,,
PROMASTER CITY,860,,,,,
WRX,861,,,,,
4RUNNER 4WD (Part-Time 4WD),862,,,,,
RAV4 LE/XLE,863,,,,,
GOLF,864,,,,,
GOLF TDI (modified),865,,,,,
GOLF GTI,866,,,,,
GOLF SPORTWAGON,867,,,,,
GOLF SPORTWAGON TDI (modified),868,,,,,
JETTA HYBRID,869,,,,,
S60 POLESTAR AWD,870,,,,,
S60 T5,871,,,,,
S60 T5 AWD,872,,,,,
S60 T6,873,,,,,
S60 T6 AWD,874,,,,,
S80 T5,875,,,,,
S80 T6 AWD,876,,,,,
V60 CC,877,,,,,
V60 CC AWD,878,,,,,
V60 POLESTAR AWD,879,,,,,
V60 T5,880,,,,,
V60 T5 AWD,881,,,,,
V60 T6 AWD,882,,,,,
XC60 3.2 AWD,883,,,,,
XC60 T5,884,,,,,
XC60 T5 AWD,885,,,,,
XC60 T6,886,,,,,
XC60 T6 AWD,887,,,,,
XC70 3.2 AWD,888,,,,,
XC70 T5,889,,,,,
XC70 T6 AWD,890,,,,,
MDX SH-AWD ELITE,891,,,,,
DB9 GT,892,,,,,
A8 QUATTRO,893,,,,,
A8 QUATTRO TDI (modified),894,,,,,
A8L QUATTRO,895,,,,,
Q5 QUATTRO,896,,,,,
Q5 QUATTRO TDI (modified),897,,,,,
Q5 HYBRID QUATTRO,898,,,,,
RS 7 QUATTRO,899,,,,,
S3 QUATTRO,900,,,,,
S4 QUATTRO,901,,,,,
S5 QUATTRO,902,,,,,
S5 CABRIOLET QUATTRO,903,,,,,
S6 QUATTRO,904,,,,,
S7 QUATTRO,905,,,,,
S8 QUATTRO,906,,,,,
SQ5 QUATTRO,907,,,,,
228i,908,,,,,
228i xDRIVE,909,,,,,
340i,910,,,,,
340i xDRIVE,911,,,,,
M2,912,,,,,
M235i,913,,,,,
M235i xDRIVE,914,,,,,
M235i xDRIVE CABRIOLET,915,,,,,
M3,916,,,,,
X4 M40i,917,,,,,
ENCORE SPORT TOURING,918,,,,,
ENCORE SPORT TOURING AWD,919,,,,,
ENVISION AWD,920,,,,,
LACROSSE FFV,921,,,,,
LACROSSE AWD FFV,922,,,,,
ATS-V,923,,,,,
CT6,924,,,,,
CT6 AWD,925,,,,,
CTS-V,926,,,,,
CRUZE PREMIER,927,,,,,
CRUZE LIMITED,928,,,,,
CRUZE LIMITED ECO,929,,,,,
IMPALA FFV,930,,,,,
IMPALA DUAL FUEL,931,,,,,
MALIBU LIMITED,932,,,,,
MALIBU HYBRID,933,,,,,
SILVERADO FFV,934,,,,,
SILVERADO 4WD FFV,935,,,,,
SILVERADO eASSIST 4WD,936,,,,,
SUBURBAN FFV,937,,,,,
SUBURBAN 4WD FFV,938,,,,,
TAHOE FFV,939,,,,,
TAHOE 4WD FFV,940,,,,,
TRAX 4WD,941,,,,,
DURANGO AWD,942,,,,,
VIPER SRT,943,,,,,
500X,944,,,,,
500X AWD,945,,,,,
EXPEDITION EL 4X4,946,,,,,
F-150 (Payload Pkg),947,,,,,
F-150 FFV (Payload Pkg),948,,,,,
F-150 4X4 (Payload Pkg),949,,,,,
F-150 FFV 4X4 (Payload Pkg),950,,,,,
FLEX AWD GTDI,951,,,,,
FOCUS RS AWD,952,,,,,
FOCUS ST,953,,,,,
SHELBY GT350 MUSTANG,954,,,,,
TRANSIT CONNECT VAN FFV,955,,,,,
TRANSIT CONNECT WAGON FFV,956,,,,,
TRANSIT CONNECT WAGON LWB,957,,,,,
TRANSIT CONNECT WAGON LWB FFV,958,,,,,
SIERRA FFV,959,,,,,
SIERRA 4WD FFV,960,,,,,
SIERRA eASSIST 4WD,961,,,,,
YUKON FFV,962,,,,,
YUKON 4WD FFV,963,,,,,
YUKON XL FFV,964,,,,,
YUKON XL 4WD FFV,965,,,,,
ACCORD COUPE,966,,,,,
ACCORD SEDAN,967,,,,,
ACCORD SPORT,968,,,,,
CIVIC COUPE,969,,,,,
CIVIC SEDAN,970,,,,,
HR-V,971,,,,,
HR-V AWD,972,,,,,
Q50S AWD,973,,,,,
Q50S RED SPORT,974,,,,,
Q50S RED SPORT AWD,975,,,,,
F-TYPE PROJECT 7 CONVERTIBLE,976,,,,,
F-TYPE R AWD CONVERTIBLE,977,,,,,
F-TYPE R AWD COUPE,978,,,,,
F-TYPE S CONVERTIBLE AWD,979,,,,,
F-TYPE S COUPE AWD,980,,,,,
XF AWD ,981,,,,,
XJ R-SPORT 3.0 AWD,982,,,,,
XJL 3.0 AWD PORTFOLIO,983,,,,,
GRAND CHEROKEE 4X4,984,,,,,
SOUL ECO DYNAMICS,985,,,,,
HURACAN SPYDER,986,,,,,
DISCOVERY SPORT,987,,,,,
RANGE ROVER TD6 DIESEL,988,,,,,
RANGE ROVER SPORT TD6 DIESEL,989,,,,,
GS 200t,990,,,,,
GS 200t F SPORT,991,,,,,
GS 350 F SPORT,992,,,,,
GS F,993,,,,,
IS 200t,994,,,,,
IS 300 AWD,995,,,,,
RC 200t,996,,,,,
RC 300 AWD,997,,,,,
GHIBLI S,998,,,,,
GHIBLI SQ4,999,,,,,
QUATTROPORTE S,1000,,,,,
CX-3,1001,,,,,
CX-3 4WD,1002,,,,,
CX-5 (SIL),1003,,,,,
MAZDA6 (SIL),1004,,,,,
MX-5 (SIL),1005,,,,,
AMG C 63,1006,,,,,
AMG C 63 S,1007,,,,,
AMG CLA 45,1008,,,,,
AMG CLS 63 S 4MATIC,1009,,,,,
AMG E 63 S 4MATIC,1010,,,,,
AMG E 63 S 4MATIC WAGON,1011,,,,,
AMG G 63,1012,,,,,
AMG G 65,1013,,,,,
AMG GL 63 S,1014,,,,,
AMG GLA 45,1015,,,,,
AMG GLE 63 S 4MATIC,1016,,,,,
AMG GLE 63 S COUPE 4MATIC,1017,,,,,
AMG GT S,1018,,,,,
AMG S 63,1019,,,,,
AMG S 63 COUPE,1020,,,,,
AMG S 65,1021,,,,,
AMG S 65 COUPE,1022,,,,,
AMG SL 63,1023,,,,,
AMG SL 65,1024,,,,,
AMG SLK 55,1025,,,,,
C 450 AMG SPORT 4MATIC,1026,,,,,
CLA 250 4MATIC FFV,1027,,,,,
E 400 4MATIC COUPE,1028,,,,,
GLE 350d 4MATIC,1029,,,,,
GLE 350d 4MATIC COUPE,1030,,,,,
GLE 400 4MATIC,1031,,,,,
GLE 450 AMG SPORT 4MATIC COUPE,1032,,,,,
GLE 550 4MATIC,1033,,,,,
MAYBACH S 600,1034,,,,,
METRIS CARGO,1035,,,,,
METRIS PASSENGER,1036,,,,,
S 400 4MATIC SWB,1037,,,,,
SLK 300,1038,,,,,
LANCER 4WD,1039,,,,,
ALTIMA 3.5,1040,,,,,
ALTIMA SR,1041,,,,,
911 GT3RS,1042,,,,,
BOXSTER SPYDER,1043,,,,,
CAYMAN GT4,1044,,,,,
iM,1045,,,,,
RAV4 HYBRID AWD,1046,,,,,
RAV4 LIMITED/SE AWD,1047,,,,,
TACOMA 4WD D-CAB OFF-ROAD,1048,,,,,
YARIS (SIL),1049,,,,,
YARIS HATCHBACK,1050,,,,,
BEETLE DUNE,1051,,,,,
GOLF R,1052,,,,,
S60 CC T5 AWD,1053,,,,,
S60 INSCRIPTION,1054,,,,,
S60 INSCRIPTION T5 AWD,1055,,,,,
S60 3.0T AWD,1056,,,,,
S60 POLESTAR,1057,,,,,
V60 CC T5 AWD,1058,,,,,
V60 3.0T AWD,1059,,,,,
V60 POLESTAR,1060,,,,,
XC60 3.0T AWD,1061,,,,,
XC70 T5 AWD,1062,,,,,
XC90 T5,1063,,,,,
XC90 T5 AWD,1064,,,,,
XC90 T6 AWD,1065,,,,,
MDX HYBRID AWD,1066,,,,,
NSX,1067,,,,,
4C SPIDER,1068,,,,,
GIULIA,1069,,,,,
GIULIA AWD,1070,,,,,
GIULIA QUADRIFOGLIO,1071,,,,,
DB11 V12,1072,,,,,
A4 ULTRA,1073,,,,,
BENTAYGA,1074,,,,,
MULSANNE EWB,1075,,,,,
230i CABRIOLET,1076,,,,,
230i COUPE,1077,,,,,
230i xDRIVE CABRIOLET,1078,,,,,
230i xDRIVE COUPE,1079,,,,,
330i xDRIVE,1080,,,,,
330i xDRIVE GRAN TURISMO,1081,,,,,
330i xDRIVE TOURING,1082,,,,,
340i xDRIVE GRAN TURISMO,1083,,,,,
430i xDRIVE CABRIOLET,1084,,,,,
430i xDRIVE COUPE,1085,,,,,
430i xDRIVE GRAN COUPE,1086,,,,,
440i COUPE,1087,,,,,
440i xDRIVE CABRIOLET,1088,,,,,
440i xDRIVE COUPE,1089,,,,,
440i xDRIVE GRAN COUPE,1090,,,,,
530i xDRIVE,1091,,,,,
540i xDRIVE,1092,,,,,
ALPINA B7 xDRIVE,1093,,,,,
M240i CABRIOLET,1094,,,,,
M240i COUPE,1095,,,,,
M240i xDRIVE CABRIOLET,1096,,,,,
M240i xDRIVE COUPE,1097,,,,,
M760i xDRIVE,1098,,,,,
ENCORE (LUV Engine),1099,,,,,
ENCORE (LE2 Engine),1100,,,,,
ENCORE AWD (LUV Engine),1101,,,,,
ENCORE AWD (LE2 Engine),1102,,,,,
XT5,1103,,,,,
XT5 AWD,1104,,,,,
COLORADO ZR2 4WD,1105,,,,,
CRUZE HATCHBACK,1106,,,,,
CRUZE HATCHBACK PREMIER,1107,,,,,
PACIFICA,1108,,,,,
PACIFICA (Stop-Start),1109,,,,,
CHALLENGER GT,1110,,,,,
VIPER,1111,,,,,
124 SPIDER,1112,,,,,
ESCAPE FFV,1113,,,,,
F-150 (LT Tire Pkg),1114,,,,,
F-150 4X4 (LT Tire Pkg),1115,,,,,
F-150 FFV 4X4 (LT Tire Pkg),1116,,,,,
FOCUS (Start/Stop),1117,,,,,
GT,1118,,,,,
MUSTANG (Performance Pkg),1119,,,,,
G80 AWD,1120,,,,,
G90 AWD,1121,,,,,
CIVIC HATCHBACK,1122,,,,,
IONIQ,1123,,,,,
IONIQ BLUE,1124,,,,,
SONATA HYBRID SE,1125,,,,,
Q60S RED SPORT AWD,1126,,,,,
QX30,1127,,,,,
QX30 AWD,1128,,,,,
F-PACE 35t,1129,,,,,
F-TYPE R CONVERTIBLE AWD,1130,,,,,
F-TYPE R COUPE AWD,1131,,,,,
XE 20d AWD,1132,,,,,
XE 35t AWD,1133,,,,,
XF 20d AWD,1134,,,,,
XF 35t AWD,1135,,,,,
XJL PORTFOLIO 3.0 AWD,1136,,,,,
XJR  LWB,1137,,,,,
CHEROKEE 4X4 ACTIVE DRIVE I,1138,,,,,
CHEROKEE 4X4 ACTIVE DRIVE LOCK,1139,,,,,
GRAND CHEROKEE SRT8,1140,,,,,
NEW COMPASS,1141,,,,,
NEW COMPASS 4X4,1142,,,,,
FORTE (MPI),1143,,,,,
FORTE (GDI),1144,,,,,
NIRO,1145,,,,,
NIRO FE,1146,,,,,
NIRO TOURING,1147,,,,,
OPTIMA FE,1148,,,,,
OPTIMA TURBO,1149,,,,,
SORENTO AWD FE,1150,,,,,
SOUL TURBO,1151,,,,,
AVENTADOR COUPE LP 740,1152,,,,,
AVENTADOR ROADSTER LP 740,1153,,,,,
RANGE ROVER EVOQUE CONVERTIBLE,1154,,,,,
CONTINENTAL AWD,1155,,,,,
MKC AWD (Start/Stop),1156,,,,,
LEVANTE,1157,,,,,
LEVANTE S,1158,,,,,
AMG C 63 CABRIOLET,1159,,,,,
AMG C 63 COUPE,1160,,,,,
AMG C 63 S CABRIOLET,1161,,,,,
AMG C 63 S COUPE,1162,,,,,
AMG GLA 45 4MATIC,1163,,,,,
AMG GLC 43 4MATIC COUPE,1164,,,,,
AMG GLE 43 4MATIC,1165,,,,,
AMG GLE 43 4MATIC COUPE,1166,,,,,
AMG GLE 63 S 4MATIC COUPE,1167,,,,,
AMG GLS 63,1168,,,,,
AMG GT COUPE,1169,,,,,
AMG GT S COUPE,1170,,,,,
AMG S 63 4MATIC,1171,,,,,
AMG S 63 CABRIOLET,1172,,,,,
AMG S 65 CABRIOLET,1173,,,,,
AMG SLC 43,1174,,,,,
C 300 4MATIC CABRIOLET,1175,,,,,
C 300 4MATIC COUPE,1176,,,,,
GLC 300 4MATIC,1177,,,,,
GLS 450 4MATIC,1178,,,,,
GLS 550 4MATIC,1179,,,,,
S 550 4MATIC CABRIOLET,1180,,,,,
SL 450,1181,,,,,
SLC 300,1182,,,,,
COOPER CLUBMAN ALL4,1183,,,,,
COOPER COUNTRYMAN ALL4,1184,,,,,
COOPER S CLUBMAN ALL4,1185,,,,,
COOPER S COUNTRYMAN  ALL4,1186,,,,,
JOHN COOPER WORKS 3 DOOR,1187,,,,,
JOHN COOPER WORKS CLUBMAN ALL4,1188,,,,,
MIRAGE G4,1189,,,,,
QASHQAI,1190,,,,,
QASHQAI AWD,1191,,,,,
SENTRA (Turbo),1192,,,,,
SENTRA NISMO,1193,,,,,
TITAN 4WD PRO-4X,1194,,,,,
CAYENNE PLATINUM,1195,,,,,
MACAN,1196,,,,,
MACAN GTS,1197,,,,,
DAWN,1198,,,,,
CROSSTREK AWD,1199,,,,,
IMPREZA 4-DOOR AWD,1200,,,,,
IMPREZA 5-DOOR AWD,1201,,,,,
WRX AWD,1202,,,,,
86,1203,,,,,
COROLLA iM,1204,,,,,
HIGHLANDER AWD (Start/Stop System),1205,,,,,
HIGHLANDER AWD LE,1206,,,,,
GOLF ALLTRACK,1207,,,,,
GOLF SPORTWAGEN,1208,,,,,
GOLF SPORTWAGEN 4MOTION,1209,,,,,
S60 INSCRIPTION T5,1210,,,,,
S90 T5,1211,,,,,
S90 T6 AWD,1212,,,,,
V90 T5,1213,,,,,
V90 T6 AWD,1214,,,,,
V90 CC T6 AWD,1215,,,,,
TLX A-SPEC,1216,,,,,
TLX SH-AWD A-SPEC,1217,,,,,
4C COUPE,1218,,,,,
STELVIO AWD,1219,,,,,
STELVIO QUADRIFOGLIO,1220,,,,,
DB11 V8,1221,,,,,
A5 SPORTBACK QUATTRO,1222,,,,,
R8 QUATTRO,1223,,,,,
RS 3,1224,,,,,
S5 SPORTBACK,1225,,,,,
TT RS,1226,,,,,
TTS COUPE,1227,,,,,
CONTINENTAL SUPERSPORTS,1228,,,,,
640i xDRIVE GRAN TURISMO,1229,,,,,
750i xDRIVE SWB,1230,,,,,
M550i xDRIVE,1231,,,,,
X2 xDRIVE28i,1232,,,,,
X3 xDRIVE30i,1233,,,,,
X3 M40i,1234,,,,,
CHIRON,1235,,,,,
ENCORE (SIDI with Stop/Start),1236,,,,,
ENCORE AWD (SIDI with Stop/Start),1237,,,,,
CRUZE HATCHBACK DIESEL,1238,,,,,
SILVERADO eASSIST,1239,,,,,
CHALLENGER GT AWD,1240,,,,,
CHALLENGER GT AWD FFV,1241,,,,,
CHALLENGER SRT DEMON,1242,,,,,
DURANGO AWD SRT,1243,,,,,
500,1244,,,,,
500 ABARTH,1245,,,,,
ECOSPORT,1246,,,,,
ECOSPORT AWD,1247,,,,,
F-150 FFV (LT Tire Pkg),1248,,,,,
F-150 4X4 XL/XLT,1249,,,,,
F-150 RAPTOR 4WD,1250,,,,,
SIERRA eASSIST,1251,,,,,
ACCORD SPORT/TOURING,1252,,,,,
CIVIC COUPE Si,1253,,,,,
CIVIC HATCHBACK SPORT,1254,,,,,
CIVIC SEDAN Si,1255,,,,,
CIVIC TYPE R,1256,,,,,
ODYSSEY TOURING,1257,,,,,
KONA,1258,,,,,
KONA AWD,1259,,,,,
SANTA FE SPORT ULTIMATE AWD,1260,,,,,
Q50 AWD RED SPORT,1261,,,,,
Q60 AWD RED SPORT,1262,,,,,
F-PACE 20d,1263,,,,,
F-PACE 25t,1264,,,,,
F-TYPE CONVERTIBLE R-DYNAMIC,1265,,,,,
F-TYPE CONVERTIBLE R-DYNAMIC AWD,1266,,,,,
F-TYPE COUPE R-DYNAMIC,1267,,,,,
F-TYPE COUPE R-DYNAMIC AWD,1268,,,,,
XE 25t AWD,1269,,,,,
XF 25t AWD,1270,,,,,
XJ R-SPORT AWD,1271,,,,,
XJL PORTFOLIO AWD,1272,,,,,
CHEROKEE 4X4 ACTIVE DRIVE I FFV,1273,,,,,
GRAND CHEROKEE 4X4 SRT,1274,,,,,
GRAND CHEROKEE 4X4 TRACKHAWK,1275,,,,,
NEW WRANGLER 4X4,1276,,,,,
NEW WRANGLER UNLIMITED 4X4,1277,,,,,
WRANGLER JK 4X4,1278,,,,,
WRANGLER JK UNLIMITED 4X4,1279,,,,,
STINGER AWD,1280,,,,,
AVENTADOR S COUPE,1281,,,,,
AVENTADOR S ROADSTER,1282,,,,,
HURACAN AWD,1283,,,,,
HURACAN SPYDER AWD,1284,,,,,
RANGE ROVER VELAR,1285,,,,,
IS 300,1286,,,,,
LC 500,1287,,,,,
LC 500h,1288,,,,,
LS 500,1289,,,,,
LS 500 AWD,1290,,,,,
LS 500h,1291,,,,,
LS 500h AWD,1292,,,,,
NX 300 AWD,1293,,,,,
NX 300 AWD F SPORT,1294,,,,,
RX 350 L AWD,1295,,,,,
CX-5 (Cylinder Deactivation),1296,,,,,
CX-5 4WD (Cylinder Deactivation),1297,,,,,
MAZDA6 TURBO,1298,,,,,
AMG C 43 4MATIC,1299,,,,,
AMG C 43 4MATIC CABRIOLET,1300,,,,,
AMG C 43 4MATIC COUPE,1301,,,,,
AMG CLA 45 4MATIC,1302,,,,,
AMG E 43 4MATIC,1303,,,,,
AMG GLC 43 4MATIC,1304,,,,,
AMG GLS 63 4MATIC,1305,,,,,
AMG GT ROADSTER,1306,,,,,
AMG GT C COUPE,1307,,,,,
AMG GT C ROADSTER,1308,,,,,
AMG GT R COUPE,1309,,,,,
AMG S 63 4MATIC CABRIOLET,1310,,,,,
AMG S 63 4MATIC COUPE,1311,,,,,
C 300 4MATIC WAGON,1312,,,,,
E 400 4MATIC CABRIOLET,1313,,,,,
GLC 300 4MATIC COUPE,1314,,,,,
MAYBACH S 650,1315,,,,,
S 450 4MATIC SWB,1316,,,,,
S 560 CABRIOLET,1317,,,,,
S 560 4MATIC,1318,,,,,
S 560 4MATIC SWB,1319,,,,,
S 560 4MATIC COUPE,1320,,,,,
ECLIPSE CROSS,1321,,,,,
ECLIPSE CROSS 4WD,1322,,,,,
KICKS,1323,,,,,
911 TARGA 4 GTS,1324,,,,,
911 TURBO S EXCLUSIVE,1325,,,,,
MACAN TURBO KIT,1326,,,,,
PANAMERA 4 EXECUTIVE,1327,,,,,
PANAMERA 4 ST,1328,,,,,
PANAMERA 4S ST,1329,,,,,
PANAMERA TURBO ST,1330,,,,,
BRZ tS,1331,,,,,
WRX STI AWD,1332,,,,,
WRX STI AWD TYPE RA,1333,,,,,
CAMRY LE/SE,1334,,,,,
CAMRY XLE/XSE,1335,,,,,
CAMRY XSE,1336,,,,,
C-HR,1337,,,,,
ATLAS,1338,,,,,
ATLAS 4MOTION,1339,,,,,
BEETLE DUNE CONVERTIBLE,1340,,,,,
S90 T5 AWD,1341,,,,,
V90 CC T5 AWD,1342,,,,,
MDX SH-AWD A-SPEC,1343,,,,,
MDX Hybrid AWD,1344,,,,,
RDX AWD A-SPEC,1345,,,,,
RLX Hybrid,1346,,,,,
4C Coupe,1347,,,,,
4C Spider,1348,,,,,
Giulia,1349,,,,,
Giulia AWD,1350,,,,,
Giulia Quadrifoglio,1351,,,,,
Stelvio,1352,,,,,
Stelvio AWD,1353,,,,,
Stelvio AWD Quadrifoglio,1354,,,,,
DB11 AMR,1355,,,,,
DBS Superleggera,1356,,,,,
Rapide AMR,1357,,,,,
Vanquish Zagato,1358,,,,,
Vantage V8,1359,,,,,
A3 quattro,1360,,,,,
A3 Cabriolet quattro,1361,,,,,
A4 quattro,1362,,,,,
A4 allroad quattro,1363,,,,,
A5 quattro,1364,,,,,
A5 Cabriolet quattro,1365,,,,,
A5 Sportback quattro,1366,,,,,
A6 quattro,1367,,,,,
A7 quattro,1368,,,,,
Q3 quattro,1369,,,,,
Q8,1370,,,,,
RS 5 Coupe,1371,,,,,
RS 5 Sportback,1372,,,,,
S5 Cabriolet,1373,,,,,
S5 Sportback,1374,,,,,
TT Coupe quattro,1375,,,,,
TT Roadster quattro,1376,,,,,
TT RS Coupe,1377,,,,,
TTS Coupe,1378,,,,,
Bentayga,1379,,,,,
Mulsanne,1380,,,,,
230i xDrive Cabriolet,1381,,,,,
230i xDrive Coupe,1382,,,,,
330i xDrive,1383,,,,,
330i xDrive Gran Turismo,1384,,,,,
330i xDrive Touring,1385,,,,,
430i xDrive Cabriolet,1386,,,,,
430i xDrive Coupe,1387,,,,,
430i xDrive Gran Coupe,1388,,,,,
440i Coupe,1389,,,,,
440i xDrive Cabriolet,1390,,,,,
440i xDrive Coupe,1391,,,,,
440i xDrive Gran Coupe,1392,,,,,
530i xDrive,1393,,,,,
540i xDrive,1394,,,,,
640i xDrive Gran Coupe,1395,,,,,
640i xDrive Gran Turismo,1396,,,,,
650i xDrive Gran Coupe,1397,,,,,
750i xDrive,1398,,,,,
750Li xDrive,1399,,,,,
Alpina B6 xDrive Gran Coupe,1400,,,,,
Alpina B7 xDrive,1401,,,,,
M2 Competition,1402,,,,,
M240i Cabriolet,1403,,,,,
M240i Coupe,1404,,,,,
M240i Coupe M Performance,1405,,,,,
M240i xDrive Cabriolet,1406,,,,,
M240i xDrive Coupe,1407,,,,,
M240i xDrive Coupe M Performance,1408,,,,,
M4 Cabriolet,1409,,,,,
M4 Cabriolet Competition,1410,,,,,
M4 Coupe,1411,,,,,
M4 Coupe Competition,1412,,,,,
M4 CS,1413,,,,,
M5 Competition,1414,,,,,
M550i xDrive,1415,,,,,
M6 Gran Coupe,1416,,,,,
M760Li xDrive,1417,,,,,
M850i xDrive Cabriolet,1418,,,,,
M850i xDrive Coupe,1419,,,,,
X1 xDrive28i,1420,,,,,
X2 xDrive28i,1421,,,,,
X3 xDrive30i,1422,,,,,
X4 xDrive30i,1423,,,,,
X5 xDrive40i,1424,,,,,
X5 xDrive50i,1425,,,,,
X6 xDrive35i,1426,,,,,
X6 xDrive50i,1427,,,,,
X7 xDrive40i,1428,,,,,
X7 xDrive50i,1429,,,,,
Chiron,1430,,,,,
Enclave,1431,,,,,
Enclave AWD,1432,,,,,
Encore,1433,,,,,
Encore (SIDI with Stop/Start),1434,,,,,
Encore AWD,1435,,,,,
Encore AWD (SIDI with Stop/Start),1436,,,,,
Envision AWD,1437,,,,,
LaCrosse,1438,,,,,
LaCrosse eAssist,1439,,,,,
LaCrosse AWD,1440,,,,,
Regal,1441,,,,,
Regal AWD,1442,,,,,
Escalade 4WD,1443,,,,,
XT4,1444,,,,,
XT4 AWD,1445,,,,,
Blazer,1446,,,,,
Blazer AWD,1447,,,,,
Camaro,1448,,,,,
Camaro SS,1449,,,,,
Camaro ZL1,1450,,,,,
Colorado,1451,,,,,
Colorado 4WD,1452,,,,,
Colorado ZR2 4WD,1453,,,,,
Corvette,1454,,,,,
Corvette Z06,1455,,,,,
Corvette ZR1,1456,,,,,
Cruze,1457,,,,,
Cruze Premier,1458,,,,,
Cruze Diesel,1459,,,,,
Cruze Hatchback,1460,,,,,
Cruze Hatchback Premier,1461,,,,,
Cruze Hatchback Diesel,1462,,,,,
Equinox,1463,,,,,
Equinox AWD,1464,,,,,
Impala,1465,,,,,
Malibu,1466,,,,,
Malibu Hybrid,1467,,,,,
Silverado,1468,,,,,
Silverado FFV,1469,,,,,
Silverado 4WD,1470,,,,,
Silverado 4WD Trail Boss,1471,,,,,
Silverado 4WD FFV,1472,,,,,
Silverado LD,1473,,,,,
Silverado LD 4WD,1474,,,,,
Spark,1475,,,,,
Suburban,1476,,,,,
Suburban FFV,1477,,,,,
Suburban 4WD,1478,,,,,
Suburban 4WD FFV,1479,,,,,
Tahoe,1480,,,,,
Tahoe FFV,1481,,,,,
Tahoe 4WD,1482,,,,,
Tahoe 4WD FFV,1483,,,,,
Traverse,1484,,,,,
Traverse AWD,1485,,,,,
Trax,1486,,,,,
Trax 4WD,1487,,,,,
Pacifica,1488,,,,,
Pacifica (Stop-Start),1489,,,,,
Challenger,1490,,,,,
Challenger (MDS),1491,,,,,
Challenger GT AWD,1492,,,,,
Challenger SRT Hellcat,1493,,,,,
Challenger SRT Hellcat Redeye,1494,,,,,
Charger,1495,,,,,
Charger FFV,1496,,,,,
Charger (MDS),1497,,,,,
Charger AWD,1498,,,,,
Charger AWD FFV,1499,,,,,
Charger AWD (MDS),1500,,,,,
Charger SRT Hellcat,1501,,,,,
Durango AWD,1502,,,,,
Durango AWD SRT,1503,,,,,
Grand Caravan FFV,1504,,,,,
Journey,1505,,,,,
Journey FFV,1506,,,,,
Journey AWD,1507,,,,,
124 Spider,1508,,,,,
EcoSport,1509,,,,,
EcoSport AWD,1510,,,,,
Edge,1511,,,,,
Edge AWD,1512,,,,,
Escape,1513,,,,,
Escape FFV,1514,,,,,
Escape AWD,1515,,,,,
Expedition 4X4,1516,,,,,
Expedition MAX 4X4,1517,,,,,
Explorer AWD,1518,,,,,
Explorer FFV AWD,1519,,,,,
F-150 4X4 Limited,1520,,,,,
F-150 Raptor 4X4,1521,,,,,
Flex,1522,,,,,
Flex AWD,1523,,,,,
Flex AWD GTDI,1524,,,,,
Fiesta,1525,,,,,
Fiesta ST,1526,,,,,
Fusion,1527,,,,,
Fusion Hybrid,1528,,,,,
Mustang,1529,,,,,
Mustang (Performance Pkg),1530,,,,,
Mustang Bullitt,1531,,,,,
Mustang Convertible,1532,,,,,
Ranger 4WD,1533,,,,,
Shelby GT350 Mustang,1534,,,,,
T-150 Wagon,1535,,,,,
Taurus FFV,1536,,,,,
Taurus AWD,1537,,,,,
Taurus FFV AWD,1538,,,,,
Transit Connect Van,1539,,,,,
Transit Connect Van FFV,1540,,,,,
Transit Connect Wagon LWB,1541,,,,,
Transit Connect Wagon LWB FFV,1542,,,,,
G70,1543,,,,,
G70 AWD,1544,,,,,
Acadia,1545,,,,,
Acadia AWD,1546,,,,,
Canyon,1547,,,,,
Canyon 4WD,1548,,,,,
Sierra,1549,,,,,
Sierra FFV,1550,,,,,
Sierra 4WD,1551,,,,,
Sierra 4WD FFV,1552,,,,,
Sierra 4WD AT4,1553,,,,,
Sierra LTD,1554,,,,,
Sierra LTD 4WD,1555,,,,,
Terrain,1556,,,,,
Terrain AWD,1557,,,,,
Yukon,1558,,,,,
Yukon FFV,1559,,,,,
Yukon 4WD,1560,,,,,
Yukon 4WD FFV,1561,,,,,
Yukon XL,1562,,,,,
Yukon XL FFV,1563,,,,,
Yukon XL 4WD,1564,,,,,
Yukon XL 4WD FFV,1565,,,,,
Accord,1566,,,,,
Accord Sport/Touring,1567,,,,,
Accord Hybrid,1568,,,,,
Civic Coupe,1569,,,,,
Civic Coupe Si,1570,,,,,
Civic Hatchback,1571,,,,,
Civic Hatchback Sport,1572,,,,,
Civic Sedan,1573,,,,,
Civic Sedan Si,1574,,,,,
Civic Type R,1575,,,,,
Fit,1576,,,,,
Insight EX,1577,,,,,
Insight Touring,1578,,,,,
Odyssey,1579,,,,,
Odyssey Touring,1580,,,,,
Passport AWD,1581,,,,,
Pilot,1582,,,,,
Pilot AWD,1583,,,,,
Ridgeline AWD,1584,,,,,
Accent,1585,,,,,
Elantra,1586,,,,,
Elantra GT,1587,,,,,
IONIQ Blue,1588,,,,,
Kona,1589,,,,,
Kona AWD,1590,,,,,
Santa Fe,1591,,,,,
Santa Fe AWD,1592,,,,,
Santa Fe XL,1593,,,,,
Santa Fe XL AWD,1594,,,,,
Santa Fe XL Ultimate AWD,1595,,,,,
Sonata,1596,,,,,
Sonata SE,1597,,,,,
Sonata Hybrid,1598,,,,,
Sonata Hybrid SE,1599,,,,,
Tucson,1600,,,,,
Tucson AWD,1601,,,,,
Veloster,1602,,,,,
Veloster N,1603,,,,,
Veloster Turbo,1604,,,,,
Q50 AWD Red Sport,1605,,,,,
Q60 AWD Red Sport,1606,,,,,
E-PACE P250,1607,,,,,
F-TYPE Convertible,1608,,,,,
F-TYPE Convertible R-Dynamic,1609,,,,,
F-TYPE Convertible R-Dynamic AWD,1610,,,,,
F-TYPE Coupe,1611,,,,,
F-TYPE Coupe R-Dynamic,1612,,,,,
F-TYPE Coupe R-Dynamic AWD,1613,,,,,
F-TYPE R AWD Convertible,1614,,,,,
F-TYPE R AWD Coupe,1615,,,,,
XJ R-Sport AWD,1616,,,,,
XJL Portfolio AWD,1617,,,,,
Cherokee,1618,,,,,
Cherokee 4X4 Active Drive I,1619,,,,,
Cherokee 4X4 Active Drive II,1620,,,,,
Cherokee 4X4 Active Drive Lock,1621,,,,,
Compass,1622,,,,,
Compass 4X4,1623,,,,,
Grand Cherokee 4X4,1624,,,,,
Grand Cherokee 4X4 EcoDiesel,1625,,,,,
Grand Cherokee 4X4 SRT,1626,,,,,
Grand Cherokee 4X4 Trackhawk,1627,,,,,
Renegade,1628,,,,,
Renegade 4X4,1629,,,,,
Renegade 4X4 Trailhawk,1630,,,,,
Wrangler JL 4X4,1631,,,,,
Wrangler JL Unlimited 4X4,1632,,,,,
Cadenza,1633,,,,,
Forte,1634,,,,,
Niro,1635,,,,,
Niro FE,1636,,,,,
Niro Touring,1637,,,,,
Optima,1638,,,,,
Optima Hybrid,1639,,,,,
Rio,1640,,,,,
Sedona,1641,,,,,
Sorento,1642,,,,,
Sorento AWD,1643,,,,,
Soul,1644,,,,,
Sportage,1645,,,,,
Sportage AWD,1646,,,,,
Stinger AWD,1647,,,,,
Aventador Coupe,1648,,,,,
Aventador Roadster,1649,,,,,
Huracan Coupe,1650,,,,,
Huracan Coupe AWD,1651,,,,,
Huracan Spyder,1652,,,,,
Huracan Spyder AWD,1653,,,,,
Huracan Performante Coupe,1654,,,,,
Huracan Performante Spyder,1655,,,,,
Urus,1656,,,,,
Discovery,1657,,,,,
Discovery TD6 Diesel,1658,,,,,
Discovery Sport,1659,,,,,
Range Rover 3.0,1660,,,,,
Range Rover TD6 Diesel,1661,,,,,
Range Rover 5.0 Supercharged,1662,,,,,
Range Rover SVAutobiography LWB,1663,,,,,
Range Rover Sport 3.0,1664,,,,,
Range Rover Sport TD6 Diesel,1665,,,,,
Range Rover Sport Supercharged,1666,,,,,
Range Rover Evoque,1667,,,,,
Range Rover Evoque Convertible,1668,,,,,
Range Rover Velar D180,1669,,,,,
Range Rover Velar P300,1670,,,,,
Range Rover Velar P380,1671,,,,,
ES 350 F SPORT,1672,,,,,
RX 450h L AWD,1673,,,,,
UX 200,1674,,,,,
UX 250h,1675,,,,,
UX 250h AWD,1676,,,,,
Continental AWD,1677,,,,,
MKT Livery AWD,1678,,,,,
MKZ Hybrid,1679,,,,,
Nautilus,1680,,,,,
Navigator 4X4,1681,,,,,
Ghibli,1682,,,,,
Ghibli S,1683,,,,,
Ghibli SQ4,1684,,,,,
GranTurismo Convertible,1685,,,,,
Levante,1686,,,,,
Levante S,1687,,,,,
Levante GTS,1688,,,,,
Levante Trofeo,1689,,,,,
Quattroporte S,1690,,,,,
Quattroporte SQ4,1691,,,,,
Quattroporte GTS,1692,,,,,
CX-5 Turbo 4WD,1693,,,,,
CX-5 Diesel 4WD,1694,,,,,
Mazda3 4-Door,1695,,,,,
Mazda3 4-Door (SIL),1696,,,,,
Mazda3 4-Door (Cylinder Deactivation),1697,,,,,
Mazda3 4-Door 4WD,1698,,,,,
Mazda3 5-Door,1699,,,,,
Mazda3 5-Door (SIL),1700,,,,,
Mazda3 5-Door 4WD,1701,,,,,
Mazda6,1702,,,,,
Mazda6 Turbo,1703,,,,,
A 220,1704,,,,,
A 220 4MATIC,1705,,,,,
A 250,1706,,,,,
A 250 4MATIC,1707,,,,,
AMG C 43 4MATIC Cabriolet,1708,,,,,
AMG C 43 4MATIC Coupe,1709,,,,,
AMG C 43 4MATIC Wagon,1710,,,,,
AMG C 63 S Cabriolet,1711,,,,,
AMG C 63 S Coupe,1712,,,,,
AMG CLS 53 4MATIC+,1713,,,,,
AMG E 53 4MATIC+,1714,,,,,
AMG E 53 4MATIC+ Cabriolet,1715,,,,,
AMG E 53 4MATIC+ Coupe,1716,,,,,
AMG E 53 4MATIC+ Wagon,1717,,,,,
AMG E 63 S 4MATIC+,1718,,,,,
AMG E 63 S 4MATIC+ Wagon,1719,,,,,
AMG GLC 43 4MATIC Coupe,1720,,,,,
AMG GLC 63 S 4MATIC+,1721,,,,,
AMG GLC 63 S 4MATIC+ Coupe,1722,,,,,
AMG GLE 43 4MATIC Coupe,1723,,,,,
AMG GLE 63 S 4MATIC Coupe,1724,,,,,
AMG GT 53 4MATIC+ Coupe,1725,,,,,
AMG GT 63 4MATIC+ Coupe,1726,,,,,
AMG GT 63 S 4MATIC+ Coupe,1727,,,,,
AMG GT C Coupe,1728,,,,,
AMG GT C Roadster,1729,,,,,
AMG GT R Coupe,1730,,,,,
AMG S 63 4MATIC+,1731,,,,,
AMG S 63 4MATIC+ Cabriolet,1732,,,,,
AMG S 63 4MATIC+ Coupe,1733,,,,,
AMG S 65 Cabriolet,1734,,,,,
AMG S 65 Coupe,1735,,,,,
C 300 4MATIC Cabriolet,1736,,,,,
C 300 4MATIC Coupe,1737,,,,,
C 300 4MATIC Wagon,1738,,,,,
CLS 450 4MATIC,1739,,,,,
E 450 4MATIC,1740,,,,,
E 450 4MATIC Cabriolet,1741,,,,,
E 450 4MATIC Coupe,1742,,,,,
E 450 4MATIC Wagon,1743,,,,,
GLC 300 4MATIC Coupe,1744,,,,,
Maybach S 560 4MATIC,1745,,,,,
Maybach S 650,1746,,,,,
Metris Cargo,1747,,,,,
Metris Cargo LWB,1748,,,,,
Metris Passenger,1749,,,,,
S 560 Cabriolet,1750,,,,,
Cooper 3 Door,1751,,,,,
Cooper 5 Door,1752,,,,,
Cooper Clubman ALL4,1753,,,,,
Cooper Convertible,1754,,,,,
Cooper Countryman ALL4,1755,,,,,
Cooper S 3 Door,1756,,,,,
Cooper S 5 Door,1757,,,,,
Cooper S Clubman ALL4,1758,,,,,
Cooper S Convertible,1759,,,,,
Cooper S Countryman ALL4,1760,,,,,
John Cooper Works 3 Door,1761,,,,,
John Cooper Works Clubman ALL4,1762,,,,,
John Cooper Works Convertible,1763,,,,,
John Cooper Works Countryman ALL4,1764,,,,,
Eclipse Cross 4WD,1765,,,,,
Mirage,1766,,,,,
Mirage G4,1767,,,,,
Outlander 4WD,1768,,,,,
370Z Roadster,1769,,,,,
Altima,1770,,,,,
Altima SR/Platinum,1771,,,,,
Altima AWD,1772,,,,,
Altima AWD SR/Platinum,1773,,,,,
Armada 4WD,1774,,,,,
Frontier,1775,,,,,
Frontier 4WD,1776,,,,,
Kicks,1777,,,,,
Maxima,1778,,,,,
Micra,1779,,,,,
Murano,1780,,,,,
Murano AWD,1781,,,,,
NV200 Cargo Van,1782,,,,,
Pathfinder,1783,,,,,
Pathfinder 4WD,1784,,,,,
Pathfinder 4WD Platinum,1785,,,,,
Qashqai,1786,,,,,
Qashqai AWD,1787,,,,,
Rogue,1788,,,,,
Rogue AWD,1789,,,,,
Sentra,1790,,,,,
Sentra (Turbo),1791,,,,,
Sentra Nismo,1792,,,,,
Titan,1793,,,,,
Titan 4WD,1794,,,,,
Titan 4WD Pro-4X,1795,,,,,
Versa,1796,,,,,
911 Carrera,1797,,,,,
911 Carrera Cabriolet,1798,,,,,
911 Carrera GTS,1799,,,,,
911 Carrera GTS Cabriolet,1800,,,,,
911 Carrera S,1801,,,,,
911 Carrera S Cabriolet,1802,,,,,
911 Carrera T,1803,,,,,
911 Carrera 4,1804,,,,,
911 Carrera 4 Cabriolet,1805,,,,,
911 Carrera 4 GTS,1806,,,,,
911 Carrera 4 GTS Cabriolet,1807,,,,,
911 Carrera 4S,1808,,,,,
911 Carrera 4S Cabriolet,1809,,,,,
911 GT2 RS,1810,,,,,
911 GT3 RS,1811,,,,,
911 GT3 Touring,1812,,,,,
911 Speedster,1813,,,,,
911 Targa 4,1814,,,,,
911 Targa 4 GTS,1815,,,,,
911 Targa 4S,1816,,,,,
911 Turbo,1817,,,,,
911 Turbo Cabriolet,1818,,,,,
911 Turbo S,1819,,,,,
911 Turbo S Cabriolet,1820,,,,,
911 Turbo S Exclusive Cabriolet,1821,,,,,
Boxster,1822,,,,,
Boxster GTS,1823,,,,,
Boxster S,1824,,,,,
Cayenne,1825,,,,,
Cayenne S,1826,,,,,
Cayenne Turbo,1827,,,,,
Cayman,1828,,,,,
Cayman GTS,1829,,,,,
Cayman S,1830,,,,,
Macan,1831,,,,,
Macan S,1832,,,,,
Panamera,1833,,,,,
Panamera 4,1834,,,,,
Panamera 4 Executive,1835,,,,,
Panamera 4 ST,1836,,,,,
Panamera 4S,1837,,,,,
Panamera 4S Executive,1838,,,,,
Panamera 4S ST,1839,,,,,
Panamera GTS,1840,,,,,
Panamera GTS ST,1841,,,,,
Panamera Turbo,1842,,,,,
Panamera Turbo Executive,1843,,,,,
Panamera Turbo ST,1844,,,,,
1500 eTorque,1845,,,,,
1500 HFE eTorque,1846,,,,,
1500 4X4 eTorque,1847,,,,,
1500 Classic EcoDiesel,1848,,,,,
1500 Classic FFV,1849,,,,,
1500 Classic,1850,,,,,
1500 Classic 4X4 EcoDiesel,1851,,,,,
1500 Classic 4X4 FFV,1852,,,,,
1500 Classic 4X4,1853,,,,,
ProMaster City,1854,,,,,
Cullinan,1855,,,,,
Dawn,1856,,,,,
Ghost,1857,,,,,
Ghost EWB,1858,,,,,
Phantom,1859,,,,,
Phantom EWB,1860,,,,,
Wraith,1861,,,,,
Ascent AWD,1862,,,,,
Crosstrek AWD,1863,,,,,
Forester AWD,1864,,,,,
Impreza 4-Door AWD,1865,,,,,
Impreza 5-Door AWD,1866,,,,,
Legacy AWD,1867,,,,,
Outback AWD,1868,,,,,
4Runner 4WD,1869,,,,,
4Runner 4WD (Part-Time 4WD),1870,,,,,
Avalon,1871,,,,,
Camry,1872,,,,,
Camry LE/SE,1873,,,,,
Camry XLE/XSE,1874,,,,,
Camry XSE,1875,,,,,
Camry Hybrid LE,1876,,,,,
Camry Hybrid XLE/SE,1877,,,,,
Corolla,1878,,,,,
Corolla LE Eco,1879,,,,,
Corolla Hatchback,1880,,,,,
Highlander,1881,,,,,
Highlander AWD,1882,,,,,
Highlander AWD (Start/Stop System),1883,,,,,
Highlander AWD LE,1884,,,,,
Highlander Hybrid AWD,1885,,,,,
Prius,1886,,,,,
Prius AWD,1887,,,,,
Prius c,1888,,,,,
RAV4 Hybrid AWD,1889,,,,,
Sequoia 4WD,1890,,,,,
Sienna,1891,,,,,
Sienna AWD,1892,,,,,
Tacoma,1893,,,,,
Tacoma 4WD,1894,,,,,
Tacoma 4WD D-Cab Off-Road,1895,,,,,
Tundra,1896,,,,,
Tundra 4WD,1897,,,,,
Yaris,1898,,,,,
Yaris (SIL),1899,,,,,
Yaris Hatchback,1900,,,,,
Arteon 4MOTION,1901,,,,,
Atlas,1902,,,,,
Atlas 4MOTION,1903,,,,,
Beetle,1904,,,,,
Beetle Convertible,1905,,,,,
Beetle Dune,1906,,,,,
Beetle Dune Convertible,1907,,,,,
Golf,1908,,,,,
Golf GTI,1909,,,,,
Golf R,1910,,,,,
Golf Alltrack,1911,,,,,
Golf SportWagen,1912,,,,,
Golf SportWagen 4MOTION,1913,,,,,
Jetta,1914,,,,,
Jetta GLI,1915,,,,,
Passat,1916,,,,,
Tiguan,1917,,,,,
Tiguan 4MOTION,1918,,,,,
XC40 T5 AWD,1919,,,,,
TLX SH-AWD A-SPEC/Limited Edition,1920,,,,,
A6 allroad,1921,,,,,
R8 Coupe,1922,,,,,
R8 Spyder,1923,,,,,
Continental GT,1924,,,,,
Continental GT Convertible,1925,,,,,
Flying Spur,1926,,,,,
230i Cabriolet,1927,,,,,
230i Coupe,1928,,,,,
330i xDrive Sedan,1929,,,,,
430i Coupe,1930,,,,,
530i xDrive Sedan,1931,,,,,
540i xDrive Sedan,1932,,,,,
750i xDrive Sedan,1933,,,,,
750Li xDrive Sedan,1934,,,,,
M340i xDrive Sedan,1935,,,,,
M5 Sedan,1936,,,,,
M550i xDrive Sedan,1937,,,,,
M760i xDrive Sedan,1938,,,,,
M8 Cabriolet,1939,,,,,
M8 Cabriolet Competition,1940,,,,,
M8 Coupe,1941,,,,,
M8 Coupe Competition,1942,,,,,
M8 Gran Coupe,1943,,,,,
M8 Gran Coupe Competition,1944,,,,,
M850i xDrive Gran Coupe,1945,,,,,
X2 M35i,1946,,,,,
X3 M,1947,,,,,
X3 M Competition,1948,,,,,
X4 M,1949,,,,,
X4 M Competition,1950,,,,,
X5 M50i,1951,,,,,
X6 xDrive40i,1952,,,,,
X6 M50i,1953,,,,,
X7 M50i,1954,,,,,
Z4 sDrive30i,1955,,,,,
Z4 M40i,1956,,,,,
Encore GX,1957,,,,,
Encore GX AWD,1958,,,,,
CT4,1959,,,,,
CT4 AWD,1960,,,,,
CT4-V,1961,,,,,
CT4-V AWD,1962,,,,,
CT5,1963,,,,,
CT5 AWD,1964,,,,,
CT5-V,1965,,,,,
CT5-V AWD,1966,,,,,
XT6 AWD,1967,,,,,
Silverado WT,1968,,,,,
Silverado WT 4WD,1969,,,,,
Silverado 4WD Custom Trail Boss,1970,,,,,
Silverado 4WD LT Trail Boss,1971,,,,,
Trax AWD,1972,,,,,
Voyager (Stop-Start),1973,,,,,
Challenger AWD,1974,,,,,
Challenger Widebody (MDS),1975,,,,,
Challenger SRT Hellcat Widebody,1976,,,,,
Charger Widebody (MDS),1977,,,,,
Charger SRT Hellcat Widebody,1978,,,,,
Grand Caravan,1979,,,,,
Escape Hybrid,1980,,,,,
Escape Hybrid AWD,1981,,,,,
Explorer Hybrid AWD,1982,,,,,
Mustang Convertible (Performance Pkg),1983,,,,,
Shelby GT500 Mustang,1984,,,,,
T-150 Wagon FFV,1985,,,,,
T-150 Wagon FFV 4WD,1986,,,,,
Transit Connect Van LWB,1987,,,,,
Sierra WT,1988,,,,,
Sierra WT 4WD,1989,,,,,
Insight EX/Touring,1990,,,,,
Palisade,1991,,,,,
Palisade AWD,1992,,,,,
Venue,1993,,,,,
E-PACE P300,1994,,,,,
F-PACE 30t,1995,,,,,
F-PACE S,1996,,,,,
F-PACE SVR,1997,,,,,
F-TYPE P300 Convertible,1998,,,,,
F-TYPE SVR AWD Convertible,1999,,,,,
F-TYPE P300 Coupe,2000,,,,,
F-TYPE SVR AWD Coupe,2001,,,,,
XE P250 AWD,2002,,,,,
XE P300 AWD,2003,,,,,
XF 30t AWD,2004,,,,,
XF S AWD,2005,,,,,
Gladiator 4X4,2006,,,,,
Wrangler 4X4,2007,,,,,
Wrangler 4X4 eTorque,2008,,,,,
Wrangler Unlimited 4X4,2009,,,,,
Wrangler Unlimited 4X4 eTorque,2010,,,,,
Wrangler Unlimited 4X4 EcoDiesel,2011,,,,,
Forte 5,2012,,,,,
Telluride AWD,2013,,,,,
Discovery Sport P250,2014,,,,,
Discovery Sport P290,2015,,,,,
Range Rover 5.0 Supercharged LWB,2016,,,,,
Range Rover SVAutobiography Dynamic,2017,,,,,
Range Rover Sport SVR,2018,,,,,
Range Rover Evoque P250,2019,,,,,
Range Rover Evoque P300,2020,,,,,
Range Rover Velar P250,2021,,,,,
Range Rover Velar P340,2022,,,,,
Range Rover Velar SVAutobiography Dynamic,2023,,,,,
Aviator,2024,,,,,
Corsair AWD,2025,,,,,
Nautilus AWD,2026,,,,,
Ghibli S Q4,2027,,,,,
Quattroporte S Q4,2028,,,,,
CX-3 (SIL),2029,,,,,
CX-30,2030,,,,,
CX-30 4WD,2031,,,,,
CX-30 4WD (Cylinder Deactivation),2032,,,,,
Sentra SR,2033,,,,,
1500 EcoDiesel,2034,,,,,
1500 4X4 EcoDiesel,2035,,,,,
Cullinan Black Badge,2036,,,,,
Camry TRD,2037,,,,,
Camry AWD LE/SE,2038,,,,,
Camry AWD XLE/XSE,2039,,,,,
Corolla XLE,2040,,,,,
Corolla XSE,2041,,,,,
Corolla Hybrid,2042,,,,,
GR Supra,2043,,,,,
Highlander Hybrid AWD Limited/Platinum,2044,,,,,
RAV4 AWD TRD Off-Road,2045,,,,,
Tacoma 4WD D-Cab TRD Off-Road/Pro,2046,,,,,
Atlas Cross Sport 4MOTION,2047,,,,,
XC40 T4 AWD,2048,,,,,